{
  "dataset": "globins",
  "N": 252,
  "feature_dim": 3060,
  "qlocal_full": 0.314581436771312,
  "qglobal_full": 0.7307960318480073,
  "loss_full": 5.260316848754883,
  "build_time_sec": 2.5370562999887625
}