{
  "dataset": "globins",
  "N": 252,
  "feature_dim": 3060,
  "qlocal_full": 0.34383099253657934,
  "qglobal_full": 0.742582799191875,
  "loss_full": 5.2367121089588515,
  "build_time_sec": 1.1264811999863014
}