{
  "dataset": "globins",
  "N": 252,
  "feature_dim": 3060,
  "qlocal_full": 0.38836583342621145,
  "qglobal_full": 0.7586653922837914,
  "loss_full": 5.230900417674672,
  "build_time_sec": 2.485657600002014
}